idx,utc_iso,image,true_label,true_class,pred_label,pred_class,sil_label,sil_class,mil_label,mil_class,frame_file,ts_ms,temp_c,cyc_capture,cyc_pre,cyc_inf,cyc_post,cyc_total,us_capture,us_pre,us_inf,us_post,us_total
1,2026-08-30T14:16:32.257619+00:00,Placass11448.jpg,0,Class1,1,Class2,,,,,,15086,38,738493,1359958,95882305,215,97980971,1846.233,3399.895,239705.75,0.538,244952.422
2,2026-08-30T14:16:34.575013+00:00,Motospl10239.jpg,1,Class2,1,Class2,,,,,,17411,39,855166,1358212,95761937,201,97975516,2137.915,3395.53,239404.828,0.502,244938.797
3,2026-08-30T14:16:36.892628+00:00,plaacaas1193.jpg,0,Class1,0,Class1,,,,,,19737,39,953726,1360098,95705343,197,98019364,2384.315,3400.245,239263.359,0.493,245048.391
4,2026-08-30T14:16:39.220583+00:00,Motospl10565.jpg,1,Class2,1,Class2,,,,,,22063,38,916674,1357386,95749103,195,98023358,2291.685,3393.465,239372.766,0.488,245058.391
5,2026-08-30T14:16:41.548939+00:00,Placass10454.jpg,0,Class1,0,Class1,,,,,,24388,39,919163,1358638,95685593,213,97963607,2297.907,3396.595,239213.969,0.533,244909.016
6,2026-08-30T14:16:43.888647+00:00,Motospl10041.jpg,1,Class2,1,Class2,,,,,,26714,38,987455,1358130,95756383,201,98102169,2468.637,3395.325,239390.969,0.502,245255.422
7,2026-08-30T14:16:46.208209+00:00,Placass11388.jpg,0,Class1,0,Class1,,,,,,29040,39,781188,1358814,95697890,206,97838098,1952.97,3397.035,239244.719,0.515,244595.234
8,2026-08-30T14:16:48.529025+00:00,placas1516.jpg,0,Class1,0,Class1,,,,,,31365,38,827208,1355284,95627439,209,97810140,2068.02,3388.21,239068.594,0.522,244525.359
9,2026-08-30T14:16:50.865508+00:00,Placasm11069.jpg,0,Class1,0,Class1,,,,,,33691,39,969037,1354847,95716649,209,98040742,2422.593,3387.117,239291.625,0.522,245101.844
10,2026-08-30T14:16:53.172856+00:00,Placass11676.jpg,0,Class1,0,Class1,,,,,,36017,38,630194,1358104,95746757,199,97735254,1575.485,3395.26,239366.891,0.498,244338.125
11,2026-08-30T14:16:55.471378+00:00,Motospl11612.jpg,1,Class2,0,Class1,,,,,,38310,38,552555,1359878,95713125,275,97625833,1381.387,3399.695,239282.812,0.687,244064.578
12,2026-08-30T14:16:57.793935+00:00,Motospl10451.jpg,1,Class2,1,Class2,,,,,,40636,39,914818,1358654,95740607,211,98014290,2287.045,3396.635,239351.516,0.527,245035.734
13,2026-08-30T14:17:00.096108+00:00,Motospl10371.jpg,1,Class2,1,Class2,,,,,,42929,39,481048,1358928,95698403,295,97538674,1202.62,3397.32,239246.0,0.738,243846.687
14,2026-08-30T14:17:02.418364+00:00,Placas11148.jpg,0,Class1,0,Class1,,,,,,45255,38,838196,1357400,95772319,203,97968118,2095.49,3393.5,239430.797,0.507,244920.297
15,2026-08-30T14:17:04.750705+00:00,Motospl11753.jpg,1,Class2,1,Class2,,,,,,47580,37,753881,1358249,95753209,183,97865522,1884.703,3395.622,239383.016,0.458,244663.797
16,2026-08-30T14:17:07.075420+00:00,Motospl10803.jpg,1,Class2,1,Class2,,,,,,49906,38,744012,1358718,95743575,213,97846518,1860.03,3396.795,239358.953,0.533,244616.297
17,2026-08-30T14:17:09.397520+00:00,Placasm10654.jpg,0,Class1,0,Class1,,,,,,52232,38,847215,1362646,95714439,195,97924495,2118.038,3406.615,239286.094,0.488,244811.25
18,2026-08-30T14:17:11.725470+00:00,Motospl10679.jpg,1,Class2,1,Class2,,,,,,54558,39,767572,1360678,95704949,201,97833400,1918.93,3401.695,239262.375,0.502,244583.5
19,2026-08-30T14:17:14.042809+00:00,Placasm10841.jpg,0,Class1,0,Class1,,,,,,56884,38,894367,1357803,95779683,211,98032064,2235.917,3394.508,239449.203,0.527,245080.172
20,2026-08-30T14:17:16.336908+00:00,Placass11488.jpg,0,Class1,0,Class1,,,,,,59176,39,564747,1361552,95695845,199,97622343,1411.867,3403.88,239239.625,0.498,244055.859
21,2026-08-30T14:17:18.656136+00:00,Placa119.png,1,Class2,1,Class2,,,,,,61502,39,959507,1360032,95735779,213,98055531,2398.768,3400.08,239339.437,0.533,245138.828
22,2026-08-30T14:17:20.983958+00:00,placaas10995.jpg,0,Class1,0,Class1,,,,,,63828,39,922000,1359362,95639997,213,97921572,2305.0,3398.405,239099.984,0.533,244803.922
23,2026-08-30T14:17:23.278362+00:00,plaacaas1029.jpg,0,Class1,0,Class1,,,,,,66121,39,582693,1356827,95707061,293,97646874,1456.733,3392.067,239267.656,0.733,244117.172
24,2026-08-30T14:17:25.578048+00:00,Motospl11083.jpg,1,Class2,1,Class2,,,,,,68414,39,489761,1362868,95747791,215,97600635,1224.403,3407.17,239369.469,0.538,244001.578
25,2026-08-30T14:17:27.896803+00:00,Motospl11682.jpg,1,Class2,1,Class2,,,,,,70740,39,901077,1361013,95779641,197,98041928,2252.693,3402.532,239449.109,0.493,245104.828
26,2026-08-30T14:17:30.238832+00:00,Motospl10774.jpg,1,Class2,0,Class1,,,,,,73065,39,972111,1357510,95704447,211,98034279,2430.278,3393.775,239261.109,0.527,245085.703
27,2026-08-30T14:17:32.545539+00:00,plaacaas1234.jpg,0,Class1,0,Class1,,,,,,75391,39,643644,1356350,95753075,275,97753344,1609.11,3390.875,239382.687,0.687,244383.359
28,2026-08-30T14:17:34.842723+00:00,Placass10418.jpg,0,Class1,0,Class1,,,,,,77684,39,592278,1356299,95718643,183,97667403,1480.695,3390.748,239296.594,0.458,244168.5
29,2026-08-30T14:17:37.168377+00:00,Placass10088.jpg,0,Class1,0,Class1,,,,,,80010,39,904791,1360068,95722895,199,97987953,2261.978,3400.17,239307.234,0.498,244969.875
30,2026-08-30T14:17:39.464350+00:00,Motospl10084.jpg,1,Class2,1,Class2,,,,,,82303,39,532657,1359314,95677500,190,97569661,1331.643,3398.285,239193.75,0.475,243924.156
31,2026-08-30T14:17:41.790708+00:00,placaas11370.jpg,0,Class1,0,Class1,,,,,,84629,39,826462,1358092,95697387,211,97882152,2066.155,3395.23,239243.453,0.527,244705.391
32,2026-08-30T14:17:44.120781+00:00,Motospl11232.jpg,1,Class2,1,Class2,,,,,,86954,38,743774,1360024,95640433,199,97744430,1859.435,3400.06,239101.078,0.498,244361.078
33,2026-08-30T14:17:46.441186+00:00,Placass10130.jpg,0,Class1,0,Class1,,,,,,89280,40,821251,1360382,95744319,199,97926151,2053.127,3400.955,239360.797,0.498,244815.375
34,2026-08-30T14:17:48.764632+00:00,placaas10037.jpg,0,Class1,0,Class1,,,,,,91606,38,889028,1357808,95774497,211,98021544,2222.57,3394.52,239436.25,0.527,245053.875
35,2026-08-30T14:17:51.092690+00:00,Motospl11920.jpg,1,Class2,1,Class2,,,,,,93932,40,842315,1357340,95713353,213,97913221,2105.788,3393.35,239283.391,0.533,244783.062
36,2026-08-30T14:17:53.413829+00:00,placaas10739.jpg,0,Class1,0,Class1,,,,,,96258,39,925909,1357482,95719573,211,98003175,2314.772,3393.705,239298.953,0.527,245007.937
37,2026-08-30T14:17:55.710245+00:00,Placass11510.jpg,0,Class1,0,Class1,,,,,,98551,38,540778,1356556,95719045,267,97616646,1351.945,3391.39,239297.625,0.668,244041.609
38,2026-08-30T14:17:58.003528+00:00,placas1491.jpg,1,Class2,0,Class1,,,,,,100844,39,532954,1355980,95704611,199,97593744,1332.385,3389.95,239261.516,0.498,243984.359
39,2026-08-30T14:18:00.321762+00:00,Placass10374.jpg,0,Class1,0,Class1,,,,,,103169,40,943217,1357116,95756267,211,98056811,2358.042,3392.79,239390.656,0.527,245142.016
40,2026-08-30T14:18:02.625071+00:00,Motospl12172.jpg,1,Class2,1,Class2,,,,,,105462,39,499873,1359760,95683439,211,97543283,1249.682,3399.4,239208.609,0.527,243858.203
41,2026-08-30T14:18:04.940191+00:00,Motospl11197.jpg,1,Class2,0,Class1,,,,,,107788,39,964208,1357060,95732259,211,98053738,2410.52,3392.65,239330.641,0.527,245134.328
42,2026-08-30T14:18:07.241817+00:00,placaas10861.jpg,0,Class1,0,Class1,,,,,,110081,39,515419,1356906,95656671,197,97529193,1288.547,3392.265,239141.687,0.493,243822.984
43,2026-08-30T14:18:09.564989+00:00,placaas10773.jpg,0,Class1,0,Class1,,,,,,112407,39,858335,1359622,95684031,199,97902187,2145.838,3399.055,239210.062,0.498,244755.469
44,2026-08-30T14:18:11.893766+00:00,Motospl11936.jpg,1,Class2,1,Class2,,,,,,114733,39,814341,1361072,95788599,199,97964211,2035.853,3402.68,239471.5,0.498,244910.531
45,2026-08-30T14:18:14.212450+00:00,Motospl10492.jpg,1,Class2,1,Class2,,,,,,117058,40,938670,1356906,95702713,209,97998498,2346.675,3392.265,239256.781,0.522,244996.234
46,2026-08-30T14:18:16.538192+00:00,Placasm10667.jpg,0,Class1,0,Class1,,,,,,119384,39,925127,1359368,95805939,199,98090633,2312.818,3398.42,239514.844,0.498,245226.594
47,2026-08-30T14:18:18.866303+00:00,placas1663.jpg,1,Class2,0,Class1,,,,,,121710,40,905934,1363438,95695307,211,97964890,2264.835,3408.595,239238.25,0.527,244912.219
48,2026-08-30T14:18:21.194921+00:00,Placasm10433.jpg,0,Class1,0,Class1,,,,,,124036,39,869462,1360420,95728405,211,97958498,2173.655,3401.05,239321.031,0.527,244896.25
49,2026-08-30T14:18:23.525160+00:00,placaas10923.jpg,0,Class1,0,Class1,,,,,,126361,39,791359,1359007,95676321,201,97826888,1978.397,3397.518,239190.797,0.502,244567.219
50,2026-08-30T14:18:25.844687+00:00,Placass11000.jpg,0,Class1,0,Class1,,,,,,128687,39,889602,1357792,95707803,263,97955460,2224.005,3394.48,239269.5,0.658,244888.641
51,2026-08-30T14:18:28.170112+00:00,Placasm11007.jpg,0,Class1,0,Class1,,,,,,131013,39,905465,1360614,95796151,213,98062443,2263.662,3401.535,239490.375,0.533,245156.109
52,2026-08-30T14:18:30.498633+00:00,placaas10913.jpg,0,Class1,0,Class1,,,,,,133339,39,854668,1360760,95720056,274,97935758,2136.67,3401.9,239300.141,0.685,244839.391
53,2026-08-30T14:18:32.792321+00:00,placaas10231.jpg,0,Class1,0,Class1,,,,,,135632,40,495752,1358574,95734429,197,97588952,1239.38,3396.435,239336.094,0.493,243972.391
54,2026-08-30T14:18:35.109363+00:00,Motospl11296.jpg,1,Class2,1,Class2,,,,,,137958,39,952863,1357170,95749107,199,98059339,2382.157,3392.925,239372.766,0.498,245148.344
55,2026-08-30T14:18:37.404584+00:00,Placas11191.jpg,0,Class1,0,Class1,,,,,,140251,39,596139,1357138,95725921,211,97679409,1490.347,3392.845,239314.797,0.527,244198.531
56,2026-08-30T14:18:39.701579+00:00,placas1264.jpg,0,Class1,0,Class1,,,,,,142544,40,544572,1358832,95766169,249,97669822,1361.43,3397.08,239415.422,0.623,244174.547
57,2026-08-30T14:18:42.024657+00:00,Motospl11503.jpg,1,Class2,1,Class2,,,,,,144869,38,880898,1358068,95720393,213,97959572,2202.245,3395.17,239300.984,0.533,244898.937
58,2026-08-30T14:18:44.353231+00:00,Motospl11141.jpg,1,Class2,1,Class2,,,,,,147195,40,847397,1355842,95714677,201,97918117,2118.492,3389.605,239286.703,0.502,244795.312
59,2026-08-30T14:18:46.674095+00:00,placaas10467.jpg,0,Class1,0,Class1,,,,,,149521,40,898439,1360760,95740083,295,97999577,2246.097,3401.9,239350.203,0.738,244998.937
60,2026-08-30T14:18:48.971227+00:00,placaas10221.jpg,0,Class1,0,Class1,,,,,,151814,39,538784,1361250,95726977,277,97627288,1346.96,3403.125,239317.437,0.692,244068.234
61,2026-08-30T14:18:51.267779+00:00,Placasm10236.jpg,0,Class1,0,Class1,,,,,,154107,39,485877,1359628,95752942,192,97598639,1214.693,3399.07,239382.344,0.48,243996.609
62,2026-08-30T14:18:53.592772+00:00,Placas11004.jpg,0,Class1,0,Class1,,,,,,156432,39,823344,1359134,95669119,211,97851808,2058.36,3397.835,239172.797,0.527,244629.531
63,2026-08-30T14:18:55.919535+00:00,Motospl11339.jpg,1,Class2,1,Class2,,,,,,158758,39,795217,1359712,95718611,213,97873753,1988.042,3399.28,239296.516,0.533,244684.375
64,2026-08-30T14:18:58.236145+00:00,Motospl10556.jpg,1,Class2,1,Class2,,,,,,161084,40,926251,1360640,95723227,213,98010331,2315.627,3401.6,239308.062,0.533,245025.828
65,2026-08-30T14:19:00.531517+00:00,Placa29.png,1,Class2,1,Class2,,,,,,163377,39,580739,1358372,95755055,199,97694365,1451.848,3395.93,239387.641,0.498,244235.922
66,2026-08-30T14:19:02.828411+00:00,Placasm10907.jpg,0,Class1,0,Class1,,,,,,165670,38,516237,1356412,95757605,199,97630453,1290.593,3391.03,239394.016,0.498,244076.141
67,2026-08-30T14:19:05.156459+00:00,Placasm10590.jpg,0,Class1,0,Class1,,,,,,167996,40,786940,1361002,95720159,199,97868300,1967.35,3402.505,239300.391,0.498,244670.766
68,2026-08-30T14:19:07.481091+00:00,Placass11655.jpg,0,Class1,0,Class1,,,,,,170321,39,819809,1357124,95659076,206,97836215,2049.522,3392.81,239147.687,0.515,244590.547
69,2026-08-30T14:19:09.799303+00:00,Placas11522.jpg,0,Class1,0,Class1,,,,,,172647,40,937954,1357522,95723817,201,98019494,2344.885,3393.805,239309.531,0.502,245048.734
70,2026-08-30T14:19:12.099236+00:00,Motospl10037.jpg,1,Class2,1,Class2,,,,,,174940,39,523414,1358836,95745659,267,97628176,1308.535,3397.09,239364.141,0.668,244070.453
71,2026-08-30T14:19:14.425948+00:00,Motospl10428.jpg,1,Class2,1,Class2,,,,,,177266,39,798525,1358059,95682417,195,97839196,1996.313,3395.147,239206.047,0.488,244598.016
72,2026-08-30T14:19:16.748727+00:00,Motospl10935.jpg,1,Class2,0,Class1,,,,,,179592,40,887941,1358270,95683626,268,97930105,2219.853,3395.675,239209.062,0.67,244825.25
73,2026-08-30T14:19:19.043729+00:00,plaacaas1040.jpg,0,Class1,0,Class1,,,,,,181885,40,488283,1357348,95710815,211,97556657,1220.708,3393.37,239277.031,0.527,243891.641
74,2026-08-30T14:19:21.368370+00:00,Placas11584.jpg,0,Class1,0,Class1,,,,,,184211,40,820003,1359102,95717839,199,97897143,2050.008,3397.755,239294.609,0.498,244742.859
75,2026-08-30T14:19:23.704598+00:00,Motospl10939.jpg,1,Class2,1,Class2,,,,,,186536,39,996970,1359056,95732801,209,98089036,2492.425,3397.64,239332.0,0.522,245222.609
76,2026-08-30T14:19:26.022084+00:00,Placass10183.jpg,0,Class1,0,Class1,,,,,,188862,39,783542,1358300,95736745,293,97878880,1958.855,3395.75,239341.859,0.733,244697.203
77,2026-08-30T14:19:28.337642+00:00,Placass11561.jpg,0,Class1,0,Class1,,,,,,191188,39,938310,1359872,95682471,213,97980866,2345.775,3399.68,239206.187,0.533,244952.156
78,2026-08-30T14:19:30.639023+00:00,placaas10073.jpg,0,Class1,0,Class1,,,,,,193481,40,506654,1359922,95760149,195,97626920,1266.635,3399.805,239400.391,0.488,244067.312
79,2026-08-30T14:19:32.963411+00:00,placaas10752.jpg,0,Class1,0,Class1,,,,,,195807,39,858971,1362152,95730649,197,97951969,2147.427,3405.38,239326.625,0.493,244879.937
80,2026-08-30T14:19:35.258169+00:00,Placa40.png,1,Class2,1,Class2,,,,,,198100,39,494536,1361102,95677351,211,97533200,1236.34,3402.755,239193.375,0.527,243832.984
81,2026-08-30T14:19:37.580467+00:00,Placass11013.jpg,0,Class1,0,Class1,,,,,,200425,41,889207,1356314,95715405,201,97961127,2223.018,3390.785,239288.531,0.502,244902.812
82,2026-08-30T14:19:39.905488+00:00,Motospl11700.jpg,1,Class2,1,Class2,,,,,,202751,40,882134,1359664,95695745,213,97937756,2205.335,3399.16,239239.375,0.533,244844.406
83,2026-08-30T14:19:42.232525+00:00,Placasm10720.jpg,0,Class1,0,Class1,,,,,,205077,39,845322,1358981,95664107,211,97868621,2113.305,3397.452,239160.266,0.527,244671.562
84,2026-08-30T14:19:44.550913+00:00,placas1215.jpg,1,Class2,1,Class2,,,,,,207403,39,949533,1359540,95754309,199,98063581,2373.833,3398.85,239385.797,0.498,245158.953
85,2026-08-30T14:19:46.876398+00:00,Placa180.png,1,Class2,1,Class2,,,,,,209729,40,971410,1360018,95721489,281,98053198,2428.525,3400.045,239303.734,0.702,245133.0
86,2026-08-30T14:19:49.176362+00:00,placaas10282.jpg,0,Class1,0,Class1,,,,,,212021,40,541452,1357586,95658961,197,97558196,1353.63,3393.965,239147.406,0.493,243895.484
87,2026-08-30T14:19:51.505216+00:00,Placasm10286.jpg,0,Class1,0,Class1,,,,,,214347,40,830370,1359191,95724669,213,97914443,2075.925,3397.977,239311.672,0.533,244786.109
88,2026-08-30T14:19:53.831791+00:00,Motospl10552.jpg,1,Class2,1,Class2,,,,,,216673,40,805535,1360380,95720114,192,97886221,2013.838,3400.95,239300.297,0.48,244715.562
89,2026-08-30T14:19:56.157261+00:00,Motospl10416.jpg,1,Class2,1,Class2,,,,,,218999,40,828691,1360668,95656719,199,97846277,2071.728,3401.67,239141.812,0.498,244615.703
90,2026-08-30T14:19:58.477742+00:00,placaas10884.jpg,1,Class2,0,Class1,,,,,,221324,39,884597,1356528,95690253,213,97931591,2211.492,3391.32,239225.625,0.533,244828.984
91,2026-08-30T14:20:00.803782+00:00,Placass10223.jpg,0,Class1,0,Class1,,,,,,223650,40,869172,1356106,95748279,199,97973756,2172.93,3390.265,239370.687,0.498,244934.391
92,2026-08-30T14:20:03.132493+00:00,placas1399.jpg,0,Class1,1,Class2,,,,,,225976,39,853637,1356772,95690891,201,97901501,2134.093,3391.93,239227.219,0.502,244753.766
93,2026-08-30T14:20:05.459144+00:00,Motospl10956.jpg,1,Class2,1,Class2,,,,,,228302,39,809097,1360142,95682523,203,97851965,2022.742,3400.355,239206.297,0.507,244629.922
94,2026-08-30T14:20:07.781447+00:00,plaacaas1186.jpg,0,Class1,0,Class1,,,,,,230627,39,876723,1360080,95681481,281,97918565,2191.807,3400.2,239203.687,0.702,244796.422
95,2026-08-30T14:20:10.077051+00:00,Motospl10762.jpg,1,Class2,1,Class2,,,,,,232920,39,491444,1360640,95680774,268,97533126,1228.61,3401.6,239201.937,0.67,243832.828
96,2026-08-30T14:20:12.412903+00:00,Placas11559.jpg,0,Class1,0,Class1,,,,,,235246,39,982849,1358904,95636485,213,97978451,2457.123,3397.26,239091.219,0.533,244946.109
97,2026-08-30T14:20:14.719637+00:00,Placass10309.jpg,0,Class1,0,Class1,,,,,,237572,40,637628,1356704,95708485,197,97703014,1594.07,3391.76,239271.219,0.493,244257.531
98,2026-08-30T14:20:17.014055+00:00,Placass11346.jpg,1,Class2,0,Class1,,,,,,239865,40,605947,1356100,95758015,291,97720353,1514.867,3390.25,239395.031,0.728,244300.891
99,2026-08-30T14:20:19.313223+00:00,placaas11174.jpg,0,Class1,0,Class1,,,,,,242158,39,513212,1355735,95733911,209,97603067,1283.03,3389.337,239334.781,0.522,244007.656
100,2026-08-30T14:20:21.636960+00:00,placas1644.jpg,0,Class1,0,Class1,,,,,,244484,40,878047,1357886,95703718,204,97939855,2195.117,3394.715,239259.297,0.51,244849.641
101,2026-08-30T14:20:23.969169+00:00,Motospl11165.jpg,1,Class2,1,Class2,,,,,,246809,40,808492,1360616,95656571,199,97825878,2021.23,3401.54,239141.437,0.498,244564.703
102,2026-08-30T14:20:26.285467+00:00,Placass10068.jpg,0,Class1,0,Class1,,,,,,249135,39,922431,1358888,95699065,265,97980649,2306.077,3397.22,239247.656,0.663,244951.609
103,2026-08-30T14:20:28.585261+00:00,placaas10011.jpg,0,Class1,0,Class1,,,,,,251428,39,511181,1358112,95645033,213,97514539,1277.953,3395.28,239112.578,0.533,243786.344
104,2026-08-30T14:20:30.911177+00:00,Motospl12014.jpg,1,Class2,1,Class2,,,,,,253754,40,785553,1357072,95702919,211,97845755,1963.883,3392.68,239257.297,0.527,244614.391
105,2026-08-30T14:20:33.240780+00:00,Placass11442.jpg,0,Class1,0,Class1,,,,,,256080,39,739785,1358390,95671533,213,97769921,1849.462,3395.975,239178.844,0.533,244424.812
106,2026-08-30T14:20:35.570807+00:00,placas1355.jpg,0,Class1,0,Class1,,,,,,258406,40,692691,1362534,95678841,213,97734279,1731.728,3406.335,239197.109,0.533,244335.703
107,2026-08-30T14:20:37.894849+00:00,Motospl10841.jpg,1,Class2,1,Class2,,,,,,260731,40,701868,1358587,95685971,275,97746701,1754.67,3396.468,239214.922,0.687,244366.75
108,2026-08-30T14:20:40.210635+00:00,Motospl10208.jpg,1,Class2,1,Class2,,,,,,263057,39,862522,1356990,95729415,199,97949126,2156.305,3392.475,239323.547,0.498,244872.828
109,2026-08-30T14:20:42.535899+00:00,Motospl10418.jpg,1,Class2,1,Class2,,,,,,265383,40,863356,1357208,95714255,203,97935022,2158.39,3393.02,239285.625,0.507,244837.562
110,2026-08-30T14:20:44.832734+00:00,Motospl11778.jpg,1,Class2,1,Class2,,,,,,267676,39,485143,1358056,95740799,199,97584197,1212.857,3395.14,239352.0,0.498,243960.5
111,2026-08-30T14:20:47.154295+00:00,Motospl10875.jpg,1,Class2,1,Class2,,,,,,270002,39,864647,1361830,95664387,201,97891065,2161.617,3404.575,239160.953,0.502,244727.656
112,2026-08-30T14:20:49.482248+00:00,Motospl11136.jpg,1,Class2,1,Class2,,,,,,272328,40,842256,1361836,95775307,199,97979598,2105.64,3404.59,239438.266,0.498,244949.016
113,2026-08-30T14:20:51.805187+00:00,placaas10008.jpg,0,Class1,0,Class1,,,,,,274653,40,866600,1358291,95652449,209,97877549,2166.5,3395.728,239131.109,0.522,244693.875
114,2026-08-30T14:20:54.133950+00:00,Placass10215.jpg,0,Class1,0,Class1,,,,,,276979,39,817156,1357270,95719337,213,97893976,2042.89,3393.175,239298.344,0.533,244734.937
115,2026-08-30T14:20:56.450633+00:00,Motospl10797.jpg,1,Class2,1,Class2,,,,,,279305,40,959853,1360156,95671993,265,97992267,2399.632,3400.39,239179.969,0.663,244980.656
116,2026-08-30T14:20:58.744736+00:00,placas1093.jpg,1,Class2,1,Class2,,,,,,281598,40,623163,1357765,95698381,293,97679602,1557.908,3394.413,239245.953,0.733,244199.0
117,2026-08-30T14:21:01.045436+00:00,Motospl11582.jpg,1,Class2,0,Class1,,,,,,283891,39,486235,1360104,95701747,261,97548347,1215.588,3400.26,239254.359,0.652,243870.859
118,2026-08-30T14:21:03.362906+00:00,Motospl10476.jpg,1,Class2,1,Class2,,,,,,286217,40,979357,1357060,95732587,211,98069215,2448.393,3392.65,239331.453,0.527,245173.047
119,2026-08-30T14:21:05.660251+00:00,Motospl10422.jpg,1,Class2,1,Class2,,,,,,288509,40,584245,1355662,95694373,201,97634481,1460.612,3389.155,239235.953,0.502,244086.203
120,2026-08-30T14:21:07.982018+00:00,Placass11178.jpg,0,Class1,0,Class1,,,,,,290836,39,952005,1359904,95793371,211,98105491,2380.012,3399.76,239483.406,0.527,245263.734
121,2026-08-30T14:21:10.305707+00:00,placaas11395.jpg,0,Class1,0,Class1,,,,,,293161,40,973367,1359632,95706631,275,98039905,2433.417,3399.08,239266.594,0.687,245099.75
122,2026-08-30T14:21:12.608440+00:00,Placas11500.jpg,0,Class1,0,Class1,,,,,,295454,40,511943,1357546,95730549,193,97600231,1279.857,3393.865,239326.375,0.482,244000.578
123,2026-08-30T14:21:14.930976+00:00,placas1034.jpg,0,Class1,0,Class1,,,,,,297780,39,902874,1357886,95682615,199,97943574,2257.185,3394.715,239206.547,0.498,244858.937
124,2026-08-30T14:21:17.269773+00:00,Placass10955.jpg,0,Class1,0,Class1,,,,,,300106,39,968020,1360422,95781371,209,98110022,2420.05,3401.055,239453.422,0.522,245275.047
125,2026-08-30T14:21:19.576264+00:00,Motospl10719.jpg,1,Class2,1,Class2,,,,,,302431,40,644942,1358938,95736889,201,97740970,1612.355,3397.345,239342.219,0.502,244352.406
126,2026-08-30T14:21:21.872907+00:00,Placass10933.jpg,1,Class2,0,Class1,,,,,,304724,40,585839,1356200,95730679,183,97672901,1464.598,3390.5,239326.687,0.458,244182.25
127,2026-08-30T14:21:24.169150+00:00,Placas11569.jpg,0,Class1,0,Class1,,,,,,307017,39,521831,1358716,95677175,275,97557997,1304.578,3396.79,239192.937,0.687,243895.0
128,2026-08-30T14:21:26.492148+00:00,Placass11258.jpg,0,Class1,0,Class1,,,,,,309343,41,876453,1356104,95748937,199,97981693,2191.132,3390.26,239372.344,0.498,244954.234
129,2026-08-30T14:21:28.787091+00:00,placaas11100.jpg,0,Class1,1,Class2,,,,,,311636,40,534566,1359732,95734207,211,97628716,1336.415,3399.33,239335.516,0.527,244071.797
130,2026-08-30T14:21:31.113364+00:00,plaacaas1124.jpg,0,Class1,0,Class1,,,,,,313962,40,856252,1357116,95771199,211,97984778,2140.63,3392.79,239428.0,0.527,244961.953
131,2026-08-30T14:21:33.450497+00:00,placaas11353.jpg,0,Class1,0,Class1,,,,,,316288,40,995698,1362022,95653043,211,98010974,2489.245,3405.055,239132.594,0.527,245027.437
132,2026-08-30T14:21:35.759070+00:00,placaas10357.jpg,0,Class1,0,Class1,,,,,,318613,40,625746,1358857,95711323,215,97696141,1564.365,3397.142,239278.297,0.538,244240.359
133,2026-08-30T14:21:38.060682+00:00,Placass11459.jpg,0,Class1,0,Class1,,,,,,320906,39,482765,1358826,95701025,201,97542817,1206.912,3397.065,239252.562,0.502,243857.047
134,2026-08-30T14:21:40.385244+00:00,Placasm11038.jpg,0,Class1,0,Class1,,,,,,323232,39,809286,1358028,95647209,213,97814736,2023.215,3395.07,239118.031,0.533,244536.844
135,2026-08-30T14:21:42.702283+00:00,Motospl11760.jpg,1,Class2,1,Class2,,,,,,325558,40,938203,1360142,95708247,211,98006803,2345.508,3400.355,239270.609,0.527,245017.0
136,2026-08-30T14:21:45.002947+00:00,Motospl11943.jpg,1,Class2,1,Class2,,,,,,327851,40,504384,1361452,95655159,211,97521206,1260.96,3403.63,239137.906,0.527,243803.016
137,2026-08-30T14:21:47.328949+00:00,placaas11187.jpg,0,Class1,0,Class1,,,,,,330177,40,857516,1359160,95716797,183,97933656,2143.79,3397.9,239292.0,0.458,244834.156
138,2026-08-30T14:21:49.654862+00:00,Motospl10690.jpg,1,Class2,1,Class2,,,,,,332503,40,802435,1357878,95749511,215,97910039,2006.087,3394.695,239373.781,0.538,244775.094
139,2026-08-30T14:21:51.973572+00:00,Motospl11322.jpg,1,Class2,1,Class2,,,,,,334828,40,917673,1359234,95671671,275,97948853,2294.183,3398.085,239179.172,0.687,244872.156
140,2026-08-30T14:21:54.272341+00:00,placaas10509.jpg,0,Class1,0,Class1,,,,,,337121,39,521805,1357176,95679762,286,97559029,1304.512,3392.94,239199.391,0.715,243897.578
141,2026-08-30T14:21:56.595005+00:00,Placasm11094.jpg,0,Class1,0,Class1,,,,,,339447,41,894823,1356526,95648779,201,97900329,2237.057,3391.315,239121.953,0.502,244750.828
142,2026-08-30T14:21:58.916292+00:00,Placas11474.jpg,1,Class2,0,Class1,,,,,,341773,40,942597,1361676,95717649,213,98022135,2356.492,3404.19,239294.125,0.533,245055.344
143,2026-08-30T14:22:01.216813+00:00,plaacaas1286.jpg,0,Class1,0,Class1,,,,,,344066,39,507218,1363006,95746643,199,97617066,1268.045,3407.515,239366.594,0.498,244042.656
144,2026-08-30T14:22:03.538043+00:00,placas1152.jpg,0,Class1,0,Class1,,,,,,346392,40,901364,1360536,95730043,201,97992144,2253.41,3401.34,239325.094,0.502,244980.359
145,2026-08-30T14:22:05.860835+00:00,placaas11036.jpg,0,Class1,0,Class1,,,,,,348718,39,943149,1358528,95784279,275,98086231,2357.873,3396.32,239460.703,0.687,245215.578
146,2026-08-30T14:22:08.157204+00:00,Placass10951.jpg,0,Class1,0,Class1,,,,,,351011,41,558286,1357541,95794461,201,97710489,1395.715,3393.853,239486.156,0.502,244276.219
147,2026-08-30T14:22:10.480303+00:00,Motospl10948.jpg,1,Class2,1,Class2,,,,,,353336,40,898931,1358702,95620062,206,97877901,2247.328,3396.755,239050.156,0.515,244694.75
148,2026-08-30T14:22:12.776031+00:00,Placas11366.jpg,0,Class1,0,Class1,,,,,,355629,40,567685,1360026,95745483,199,97673393,1419.213,3400.065,239363.703,0.498,244183.484
149,2026-08-30T14:22:15.103198+00:00,Placass10397.jpg,0,Class1,0,Class1,,,,,,357955,40,891769,1361938,95674771,201,97928679,2229.423,3404.845,239186.922,0.502,244821.687
150,2026-08-30T14:22:17.434009+00:00,placas1171.jpg,0,Class1,0,Class1,,,,,,360280,40,800043,1355088,95673219,199,97828549,2000.107,3387.72,239183.031,0.498,244571.375
151,2026-08-30T14:22:19.756482+00:00,Motospl10082.jpg,1,Class2,1,Class2,,,,,,362606,39,850889,1359250,95695161,193,97905493,2127.223,3398.125,239237.906,0.482,244763.75
152,2026-08-30T14:22:22.077320+00:00,Motospl11698.jpg,1,Class2,1,Class2,,,,,,364932,40,903994,1358034,95762659,291,98024978,2259.985,3395.085,239406.641,0.728,245062.437
153,2026-08-30T14:22:24.376216+00:00,plaacaas1111.jpg,0,Class1,0,Class1,,,,,,367225,39,509883,1358971,95706642,270,97575766,1274.708,3397.427,239266.609,0.675,243939.422
154,2026-08-30T14:22:26.697179+00:00,Placas11397.jpg,0,Class1,0,Class1,,,,,,369551,39,874066,1358052,95718089,291,97950498,2185.165,3395.13,239295.219,0.728,244876.234
155,2026-08-30T14:22:28.995814+00:00,placaas10447.jpg,0,Class1,0,Class1,,,,,,371844,39,484176,1358930,95682419,211,97525736,1210.44,3397.325,239206.047,0.527,243814.344
156,2026-08-30T14:22:31.323345+00:00,placas1131.jpg,0,Class1,0,Class1,,,,,,374170,41,776714,1363054,95724835,199,97864802,1941.785,3407.635,239312.078,0.498,244662.0
157,2026-08-30T14:22:33.654009+00:00,placas1180.jpg,0,Class1,0,Class1,,,,,,376496,40,694437,1358824,95763581,215,97817057,1736.093,3397.06,239408.969,0.538,244542.641
158,2026-08-30T14:22:35.970990+00:00,placas1175.jpg,0,Class1,0,Class1,,,,,,378821,40,843480,1358960,95719695,263,97922398,2108.7,3397.4,239299.234,0.658,244806.0
159,2026-08-30T14:22:38.299454+00:00,Motospl12341.jpg,1,Class2,1,Class2,,,,,,381147,40,837915,1358582,95757621,197,97954315,2094.787,3396.455,239394.047,0.493,244885.781
160,2026-08-30T14:22:40.624720+00:00,Motospl12056.jpg,1,Class2,1,Class2,,,,,,383473,39,809697,1360878,95750247,201,97921023,2024.243,3402.195,239375.625,0.502,244802.562
161,2026-08-30T14:22:42.952910+00:00,Placass11105.jpg,0,Class1,0,Class1,,,,,,385798,39,742340,1358080,95715945,197,97816562,1855.85,3395.2,239289.859,0.493,244541.406
162,2026-08-30T14:22:45.270945+00:00,Motospl10377.jpg,1,Class2,1,Class2,,,,,,388124,40,869508,1360698,95745881,293,97976380,2173.77,3401.745,239364.687,0.733,244940.953
163,2026-08-30T14:22:47.610964+00:00,plaacaas1075.jpg,0,Class1,0,Class1,,,,,,390450,41,964213,1360914,95742781,199,98068107,2410.532,3402.285,239356.953,0.498,245170.266
164,2026-08-30T14:22:49.919086+00:00,Motospl11354.jpg,1,Class2,1,Class2,,,,,,392776,40,609990,1359296,95722301,209,97691796,1524.975,3398.24,239305.766,0.522,244229.484
165,2026-08-30T14:22:52.246381+00:00,placaas11070.jpg,0,Class1,0,Class1,,,,,,395102,40,906893,1358196,95723653,197,97988939,2267.232,3395.49,239309.141,0.493,244972.328
166,2026-08-30T14:22:54.567283+00:00,Motospl10520.jpg,1,Class2,1,Class2,,,,,,397427,40,966186,1359084,95657177,213,97982660,2415.465,3397.71,239142.937,0.533,244956.641
167,2026-08-30T14:22:56.865535+00:00,Placass10431.jpg,0,Class1,0,Class1,,,,,,399720,40,585482,1357156,95706665,213,97649516,1463.705,3392.89,239266.656,0.533,244123.797
168,2026-08-30T14:22:59.163152+00:00,placaas10151.jpg,0,Class1,0,Class1,,,,,,402013,40,518248,1355428,95650601,213,97524490,1295.62,3388.57,239126.5,0.533,243811.219
169,2026-08-30T14:23:01.480717+00:00,Placas11496.jpg,0,Class1,0,Class1,,,,,,404339,39,938061,1357024,95683263,211,97978559,2345.153,3392.56,239208.156,0.527,244946.406
170,2026-08-30T14:23:03.807342+00:00,Motospl10844.jpg,1,Class2,1,Class2,,,,,,406665,40,933053,1360276,95699558,286,97993173,2332.633,3400.69,239248.906,0.715,244982.937
171,2026-08-30T14:23:06.107854+00:00,Placas11318.jpg,0,Class1,0,Class1,,,,,,408958,40,486444,1359497,95689366,190,97535497,1216.11,3398.742,239223.422,0.475,243838.734
172,2026-08-30T14:23:08.423264+00:00,Placas11507.jpg,0,Class1,0,Class1,,,,,,411284,41,955930,1359090,95692069,265,98007354,2389.825,3397.725,239230.187,0.663,245018.391
173,2026-08-30T14:23:10.722446+00:00,Placasm10201.jpg,0,Class1,0,Class1,,,,,,413577,40,552627,1360152,95748564,206,97661549,1381.568,3400.38,239371.406,0.515,244153.875
174,2026-08-30T14:23:13.046218+00:00,Motospl10795.jpg,1,Class2,1,Class2,,,,,,415902,41,916250,1358316,95776446,192,98051204,2290.625,3395.79,239441.109,0.48,245128.0
175,2026-08-30T14:23:15.343915+00:00,Motospl11451.jpg,1,Class2,1,Class2,,,,,,418195,40,519523,1359856,95665707,209,97545295,1298.807,3399.64,239164.266,0.522,243863.234
176,2026-08-30T14:23:17.680402+00:00,Placass10520.jpg,0,Class1,0,Class1,,,,,,420521,39,972224,1357040,95748546,260,98078070,2430.56,3392.6,239371.359,0.65,245195.172
177,2026-08-30T14:23:19.996070+00:00,Motospl12210.jpg,1,Class2,1,Class2,,,,,,422847,40,788448,1360798,95725213,211,97874670,1971.12,3401.995,239313.047,0.527,244686.672
178,2026-08-30T14:23:22.314623+00:00,Motospl11744.jpg,1,Class2,1,Class2,,,,,,425173,40,929950,1356678,95759388,206,98046222,2324.875,3391.695,239398.484,0.515,245115.562
179,2026-08-30T14:23:24.609747+00:00,placaas10338.jpg,1,Class2,1,Class2,,,,,,427466,40,561174,1354184,95817745,185,97733288,1402.935,3385.46,239544.359,0.463,244333.219
180,2026-08-30T14:23:26.950135+00:00,Motospl12040.jpg,1,Class2,1,Class2,,,,,,429792,41,972951,1356580,95779443,211,98109185,2432.377,3391.45,239448.594,0.527,245272.953
181,2026-08-30T14:23:29.257848+00:00,Placasm10052.jpg,0,Class1,0,Class1,,,,,,432117,40,608703,1357064,95726717,211,97692695,1521.758,3392.66,239316.797,0.527,244231.75
182,2026-08-30T14:23:31.581483+00:00,placaas10458.jpg,0,Class1,0,Class1,,,,,,434443,40,951357,1356951,95657351,199,97965858,2378.393,3392.378,239143.375,0.498,244914.641
183,2026-08-30T14:23:33.881141+00:00,Placass10416.jpg,0,Class1,0,Class1,,,,,,436736,40,551241,1360646,95709743,211,97621841,1378.102,3401.615,239274.375,0.527,244054.594
184,2026-08-30T14:23:36.205352+00:00,Placass11176.jpg,0,Class1,0,Class1,,,,,,439062,40,895375,1361294,95716255,182,97973106,2238.438,3403.235,239290.641,0.455,244932.75
185,2026-08-30T14:23:38.545311+00:00,Placasm10430.jpg,0,Class1,0,Class1,,,,,,441387,41,953179,1357446,95717889,213,98028727,2382.948,3393.615,239294.719,0.533,245071.812
186,2026-08-30T14:23:40.852608+00:00,Placasm10406.jpg,0,Class1,0,Class1,,,,,,443713,40,627443,1357066,95692097,213,97676819,1568.607,3392.665,239230.25,0.533,244192.047
187,2026-08-30T14:23:43.151289+00:00,Motospl10157.jpg,1,Class2,1,Class2,,,,,,446006,40,522651,1359170,95716806,206,97598833,1306.628,3397.925,239292.031,0.515,243997.078
188,2026-08-30T14:23:45.477355+00:00,Placasm10285.jpg,0,Class1,0,Class1,,,,,,448332,40,865627,1360824,95621545,211,97848207,2164.068,3402.06,239053.859,0.527,244620.516
189,2026-08-30T14:23:47.774169+00:00,Motospl12270.jpg,1,Class2,1,Class2,,,,,,450625,40,485614,1359296,95764007,291,97609208,1214.035,3398.24,239410.016,0.728,244023.016
190,2026-08-30T14:23:50.095093+00:00,Motospl10031.jpg,1,Class2,1,Class2,,,,,,452951,40,875427,1358377,95726303,211,97960318,2188.568,3395.942,239315.766,0.527,244900.797
191,2026-08-30T14:23:52.421880+00:00,Placass11020.jpg,0,Class1,0,Class1,,,,,,455277,41,841445,1358190,95740785,201,97940621,2103.613,3395.475,239351.969,0.502,244851.562
192,2026-08-30T14:23:54.741296+00:00,Motospl10850.jpg,1,Class2,1,Class2,,,,,,457602,41,922084,1358536,95650761,213,97931594,2305.21,3396.34,239126.891,0.533,244828.984
193,2026-08-30T14:23:57.066426+00:00,Placas11353.jpg,0,Class1,0,Class1,,,,,,459928,40,955488,1358879,95751303,275,98065945,2388.72,3397.198,239378.266,0.687,245164.875
194,2026-08-30T14:23:59.361757+00:00,placas1680.jpg,0,Class1,0,Class1,,,,,,462221,41,603674,1357831,95730005,277,97691787,1509.185,3394.577,239325.016,0.692,244229.453
195,2026-08-30T14:24:01.658327+00:00,placas1540.jpg,0,Class1,0,Class1,,,,,,464514,39,531338,1358728,95711333,201,97601600,1328.345,3396.82,239278.328,0.502,244003.984
196,2026-08-30T14:24:03.989445+00:00,Placasm10164.jpg,0,Class1,0,Class1,,,,,,466840,40,778434,1357632,95737293,201,97873560,1946.085,3394.08,239343.234,0.502,244683.906
197,2026-08-30T14:24:06.316917+00:00,Motospl10735.jpg,1,Class2,1,Class2,,,,,,469166,40,761750,1358388,95785587,199,97905924,1904.375,3395.97,239463.953,0.498,244764.797
198,2026-08-30T14:24:08.638188+00:00,placaas10602.jpg,0,Class1,0,Class1,,,,,,471491,40,810506,1355106,95671437,213,97837262,2026.265,3387.765,239178.594,0.533,244593.172
199,2026-08-30T14:24:10.964911+00:00,placas1033.jpg,0,Class1,0,Class1,,,,,,473817,41,799145,1356832,95833253,209,97989439,1997.863,3392.08,239583.125,0.522,244973.609
200,2026-08-30T14:24:13.293590+00:00,Placass10192.jpg,1,Class2,0,Class1,,,,,,476143,40,757813,1358100,95763627,199,97879739,1894.533,3395.25,239409.062,0.498,244699.344
